Index,System Time,Time Stamp,Channel,Direction,Frame ID,Type,Format,DLC,Data
00000,="23:40:57.422",0x6E8F67,ch1,Receive,0x0123,Data,Standard,0x01,x| AA 
00001,="23:40:58.472",0x6EB7B4,ch1,Receive,0x0123,Data,Standard,0x01,x| AA 
00002,="23:40:58.472",0x6EB7B7,ch1,Receive,0x0528,Data,Standard,0x06,x| 46 16 01 16 10 83 
00003,="23:40:58.472",0x6EB7C6,ch1,Receive,0x0544,Data,Standard,0x08,x| 47 16 01 16 10 20 00 00 
00004,="23:40:58.472",0x6EB7CB,ch1,Receive,0x0544,Data,Standard,0x08,x| 00 00 00 00 00 00 00 00 
00005,="23:40:58.472",0x6EB7CF,ch1,Receive,0x0544,Data,Standard,0x06,x| 00 00 00 00 00 A4 
00006,="23:40:59.491",0x6EE000,ch1,Receive,0x0123,Data,Standard,0x01,x| AA 
00007,="23:41:00.541",0x6F084D,ch1,Receive,0x0123,Data,Standard,0x01,x| AA 
00008,="23:41:00.541",0x6F0851,ch1,Receive,0x0528,Data,Standard,0x06,x| 46 16 01 08 20 85 
00009,="23:41:00.541",0x6F0857,ch1,Receive,0x0544,Data,Standard,0x08,x| 47 16 01 08 20 11 11 11 
00010,="23:41:00.541",0x6F085C,ch1,Receive,0x0544,Data,Standard,0x08,x| 00 12 12 12 00 00 00 00 
00011,="23:41:00.541",0x6F0861,ch1,Receive,0x0544,Data,Standard,0x08,x| 00 00 00 00 00 00 00 00 
00012,="23:41:00.541",0x6F0866,ch1,Receive,0x0544,Data,Standard,0x08,x| 00 00 00 00 00 00 00 00 
00013,="23:41:00.541",0x6F086B,ch1,Receive,0x0544,Data,Standard,0x06,x| 00 00 00 00 00 EF 
00014,="23:41:01.562",0x6F309A,ch1,Receive,0x0123,Data,Standard,0x01,x| AA 
00015,="23:41:02.582",0x6F58E7,ch1,Receive,0x0123,Data,Standard,0x01,x| AA 
00016,="23:41:02.582",0x6F58EB,ch1,Receive,0x0528,Data,Standard,0x06,x| 46 16 01 09 04 6A 
00017,="23:41:02.582",0x6F58F4,ch1,Receive,0x0544,Data,Standard,0x08,x| 47 16 01 09 04 C7 3F 01 
00018,="23:41:02.582",0x6F58F7,ch1,Receive,0x0544,Data,Standard,0x02,x| 00 72 
00019,="23:41:03.631",0x6F8133,ch1,Receive,0x0123,Data,Standard,0x01,x| AA 
00020,="23:41:03.631",0x6F8137,ch1,Receive,0x0528,Data,Standard,0x06,x| 46 16 01 0A 04 6B 
00021,="23:41:03.631",0x6F8140,ch1,Receive,0x0544,Data,Standard,0x08,x| 47 16 01 0A 04 F4 FF FF 
00022,="23:41:03.631",0x6F8142,ch1,Receive,0x0544,Data,Standard,0x02,x| FF 5D 
00023,="23:41:04.651",0x6FA980,ch1,Receive,0x0123,Data,Standard,0x01,x| AA 
00024,="23:41:04.651",0x6FA984,ch1,Receive,0x0528,Data,Standard,0x06,x| 46 16 01 0D 04 6E 
00025,="23:41:04.651",0x6FA98D,ch1,Receive,0x0544,Data,Standard,0x08,x| 47 16 01 0D 04 61 00 00 
00026,="23:41:04.651",0x6FA990,ch1,Receive,0x0544,Data,Standard,0x02,x| 00 D0 
00027,="23:41:05.701",0x6FD1CD,ch1,Receive,0x0123,Data,Standard,0x01,x| AA 
00028,="23:41:06.721",0x6FFA1A,ch1,Receive,0x0123,Data,Standard,0x01,x| AA 
00029,="23:41:07.771",0x702267,ch1,Receive,0x0123,Data,Standard,0x01,x| AA 
00030,="23:41:08.792",0x704AB3,ch1,Receive,0x0123,Data,Standard,0x01,x| AA 
00031,="23:41:08.792",0x704AB7,ch1,Receive,0x0528,Data,Standard,0x06,x| 46 16 01 0E 04 6F 
00032,="23:41:08.792",0x704AC4,ch1,Receive,0x0544,Data,Standard,0x08,x| 47 16 01 0E 04 64 00 00 
00033,="23:41:08.792",0x704AC6,ch1,Receive,0x0544,Data,Standard,0x02,x| 00 D4 
00034,="23:41:09.811",0x707300,ch1,Receive,0x0123,Data,Standard,0x01,x| AA 
00035,="23:41:10.861",0x709B4D,ch1,Receive,0x0123,Data,Standard,0x01,x| AA 
00036,="23:41:10.861",0x709B51,ch1,Receive,0x0528,Data,Standard,0x06,x| 46 16 01 24 20 A1 
00037,="23:41:10.861",0x709B60,ch1,Receive,0x0544,Data,Standard,0x08,x| 47 16 01 24 20 FB 0F F9 
00038,="23:41:10.861",0x709B65,ch1,Receive,0x0544,Data,Standard,0x08,x| 0F F9 0F FC 0F FC 0F FA 
00039,="23:41:10.861",0x709B6A,ch1,Receive,0x0544,Data,Standard,0x08,x| 0F F4 0F FB 0F FB 0F FB 
00040,="23:41:10.861",0x709B6F,ch1,Receive,0x0544,Data,Standard,0x08,x| 0F F7 0F FD 0F FB 0F FD 
00041,="23:41:10.861",0x709B73,ch1,Receive,0x0544,Data,Standard,0x06,x| 0F FD 0F 03 10 43 
00042,="23:41:11.882",0x70C39A,ch1,Receive,0x0123,Data,Standard,0x01,x| AA 
00043,="23:41:12.933",0x70EBE7,ch1,Receive,0x0123,Data,Standard,0x01,x| AA 
00044,="23:41:12.933",0x70EBEA,ch1,Receive,0x0528,Data,Standard,0x06,x| 46 16 01 25 20 A2 
00045,="23:41:12.933",0x70EBF2,ch1,Receive,0x0544,Data,Standard,0x08,x| 47 16 01 25 20 06 10 06 
00046,="23:41:12.933",0x70EBF7,ch1,Receive,0x0544,Data,Standard,0x08,x| 10 01 10 03 10 00 00 00 
00047,="23:41:12.933",0x70EBFC,ch1,Receive,0x0544,Data,Standard,0x08,x| 00 00 00 00 00 00 00 00 
00048,="23:41:12.933",0x70EC01,ch1,Receive,0x0544,Data,Standard,0x08,x| 00 00 00 00 00 00 00 00 
00049,="23:41:12.933",0x70EC05,ch1,Receive,0x0544,Data,Standard,0x06,x| 00 00 00 00 00 F3 
00050,="23:41:13.952",0x711433,ch1,Receive,0x0123,Data,Standard,0x01,x| AA 
00051,="23:41:15.002",0x713C80,ch1,Receive,0x0123,Data,Standard,0x01,x| AA 
00052,="23:41:15.002",0x713C84,ch1,Receive,0x0528,Data,Standard,0x06,x| 46 16 01 26 0E 91 
00053,="23:41:15.002",0x713C8D,ch1,Receive,0x0544,Data,Standard,0x08,x| 47 16 01 26 0E 75 26 FF 
00054,="23:41:15.002",0x713C92,ch1,Receive,0x0544,Data,Standard,0x08,x| FF B0 17 00 00 88 10 58 
00055,="23:41:15.002",0x713C96,ch1,Receive,0x0544,Data,Standard,0x04,x| 02 38 01 1D 
00056,="23:41:16.022",0x7164CD,ch1,Receive,0x0123,Data,Standard,0x01,x| AA 
00057,="23:41:17.042",0x718D1A,ch1,Receive,0x0123,Data,Standard,0x01,x| AA 
00058,="23:41:18.092",0x71B566,ch1,Receive,0x0123,Data,Standard,0x01,x| AA 
00059,="23:41:19.111",0x71DDB3,ch1,Receive,0x0123,Data,Standard,0x01,x| AA 
00060,="23:41:19.111",0x71DDB7,ch1,Receive,0x0528,Data,Standard,0x06,x| 46 16 01 16 10 83 
00061,="23:41:19.111",0x71DDC3,ch1,Receive,0x0544,Data,Standard,0x08,x| 47 16 01 16 10 20 00 00 
00062,="23:41:19.111",0x71DDC8,ch1,Receive,0x0544,Data,Standard,0x08,x| 00 00 00 00 00 00 00 00 
00063,="23:41:19.111",0x71DDCC,ch1,Receive,0x0544,Data,Standard,0x06,x| 00 00 00 00 00 A4 
00064,="23:41:20.162",0x720600,ch1,Receive,0x0123,Data,Standard,0x01,x| AA 
00065,="23:41:21.181",0x722E4D,ch1,Receive,0x0123,Data,Standard,0x01,x| AA 
00066,="23:41:21.181",0x722E51,ch1,Receive,0x0528,Data,Standard,0x06,x| 46 16 01 08 20 85 
00067,="23:41:21.181",0x722E5E,ch1,Receive,0x0544,Data,Standard,0x08,x| 47 16 01 08 20 11 11 11 
00068,="23:41:21.181",0x722E63,ch1,Receive,0x0544,Data,Standard,0x08,x| 00 12 12 12 00 00 00 00 
00069,="23:41:21.181",0x722E68,ch1,Receive,0x0544,Data,Standard,0x08,x| 00 00 00 00 00 00 00 00 
00070,="23:41:21.181",0x722E6D,ch1,Receive,0x0544,Data,Standard,0x08,x| 00 00 00 00 00 00 00 00 
00071,="23:41:21.181",0x722E71,ch1,Receive,0x0544,Data,Standard,0x06,x| 00 00 00 00 00 EF 
00072,="23:41:22.232",0x72569A,ch1,Receive,0x0123,Data,Standard,0x01,x| AA 
00073,="23:41:23.251",0x727EE6,ch1,Receive,0x0123,Data,Standard,0x01,x| AA 
00074,="23:41:23.251",0x727EEA,ch1,Receive,0x0528,Data,Standard,0x06,x| 46 16 01 09 04 6A 
00075,="23:41:23.251",0x727EF8,ch1,Receive,0x0544,Data,Standard,0x08,x| 47 16 01 09 04 C0 3F 01 
00076,="23:41:23.251",0x727EFB,ch1,Receive,0x0544,Data,Standard,0x02,x| 00 6B 
00077,="23:41:24.301",0x72A733,ch1,Receive,0x0123,Data,Standard,0x01,x| AA 
00078,="23:41:24.301",0x72A737,ch1,Receive,0x0528,Data,Standard,0x06,x| 46 16 01 0A 04 6B 
00079,="23:41:24.301",0x72A746,ch1,Receive,0x0544,Data,Standard,0x08,x| 47 16 01 0A 04 00 00 00 
00080,="23:41:24.301",0x72A749,ch1,Receive,0x0544,Data,Standard,0x02,x| 00 6C 
00081,="23:41:25.321",0x72CF80,ch1,Receive,0x0123,Data,Standard,0x01,x| AA 
00082,="23:41:25.321",0x72CF84,ch1,Receive,0x0528,Data,Standard,0x06,x| 46 16 01 0D 04 6E 
00083,="23:41:25.321",0x72CF89,ch1,Receive,0x0544,Data,Standard,0x08,x| 47 16 01 0D 04 61 00 00 
00084,="23:41:25.321",0x72CF8C,ch1,Receive,0x0544,Data,Standard,0x02,x| 00 D0 
00085,="23:41:26.342",0x72F7CD,ch1,Receive,0x0123,Data,Standard,0x01,x| AA 
00086,="23:41:27.391",0x732019,ch1,Receive,0x0123,Data,Standard,0x01,x| AA 
00087,="23:41:28.412",0x734866,ch1,Receive,0x0123,Data,Standard,0x01,x| AA 
00088,="23:41:29.461",0x7370B3,ch1,Receive,0x0123,Data,Standard,0x01,x| AA 
00089,="23:41:29.461",0x7370B7,ch1,Receive,0x0528,Data,Standard,0x06,x| 46 16 01 0E 04 6F 
00090,="23:41:29.461",0x7370BF,ch1,Receive,0x0544,Data,Standard,0x08,x| 47 16 01 0E 04 64 00 00 
00091,="23:41:29.461",0x7370C1,ch1,Receive,0x0544,Data,Standard,0x02,x| 00 D4 
00092,="23:41:30.481",0x739900,ch1,Receive,0x0123,Data,Standard,0x01,x| AA 
00093,="23:41:31.531",0x73C14D,ch1,Receive,0x0123,Data,Standard,0x01,x| AA 
00094,="23:41:31.531",0x73C151,ch1,Receive,0x0528,Data,Standard,0x06,x| 46 16 01 24 20 A1 
00095,="23:41:31.531",0x73C15A,ch1,Receive,0x0544,Data,Standard,0x08,x| 47 16 01 24 20 FB 0F F9 
00096,="23:41:31.531",0x73C15F,ch1,Receive,0x0544,Data,Standard,0x08,x| 0F F9 0F FC 0F FC 0F FA 
00097,="23:41:31.531",0x73C164,ch1,Receive,0x0544,Data,Standard,0x08,x| 0F F3 0F FB 0F FC 0F FB 
00098,="23:41:31.531",0x73C169,ch1,Receive,0x0544,Data,Standard,0x08,x| 0F F6 0F FC 0F FB 0F FC 
00099,="23:41:31.531",0x73C16D,ch1,Receive,0x0544,Data,Standard,0x06,x| 0F FD 0F 03 10 40 
00100,="23:41:32.551",0x73E999,ch1,Receive,0x0123,Data,Standard,0x01,x| AA 
00101,="23:41:33.572",0x7411E6,ch1,Receive,0x0123,Data,Standard,0x01,x| AA 
00102,="23:41:33.572",0x7411EA,ch1,Receive,0x0528,Data,Standard,0x06,x| 46 16 01 25 20 A2 
00103,="23:41:33.572",0x7411F5,ch1,Receive,0x0544,Data,Standard,0x08,x| 47 16 01 25 20 06 10 06 
00104,="23:41:33.572",0x7411FA,ch1,Receive,0x0544,Data,Standard,0x08,x| 10 03 10 03 10 00 00 00 
00105,="23:41:33.572",0x7411FF,ch1,Receive,0x0544,Data,Standard,0x08,x| 00 00 00 00 00 00 00 00 
00106,="23:41:33.572",0x741204,ch1,Receive,0x0544,Data,Standard,0x08,x| 00 00 00 00 00 00 00 00 
00107,="23:41:33.572",0x741208,ch1,Receive,0x0544,Data,Standard,0x06,x| 00 00 00 00 00 F5 
00108,="23:41:34.622",0x743A33,ch1,Receive,0x0123,Data,Standard,0x01,x| AA 
00109,="23:41:35.642",0x746280,ch1,Receive,0x0123,Data,Standard,0x01,x| AA 
00110,="23:41:35.642",0x746284,ch1,Receive,0x0528,Data,Standard,0x06,x| 46 16 01 26 0E 91 
00111,="23:41:35.642",0x74628F,ch1,Receive,0x0544,Data,Standard,0x08,x| 47 16 01 26 0E 75 26 FF 
00112,="23:41:35.642",0x746294,ch1,Receive,0x0544,Data,Standard,0x08,x| FF B0 17 00 00 88 10 58 
00113,="23:41:35.642",0x746298,ch1,Receive,0x0544,Data,Standard,0x04,x| 02 38 01 1D 
00114,="23:41:36.691",0x748ACC,ch1,Receive,0x0123,Data,Standard,0x01,x| AA 
00115,="23:41:37.711",0x74B319,ch1,Receive,0x0123,Data,Standard,0x01,x| AA 
00116,="23:41:38.761",0x74DB66,ch1,Receive,0x0123,Data,Standard,0x01,x| AA 
00117,="23:41:39.782",0x7503B3,ch1,Receive,0x0123,Data,Standard,0x01,x| AA 
00118,="23:41:39.782",0x7503B7,ch1,Receive,0x0528,Data,Standard,0x06,x| 46 16 01 16 10 83 
00119,="23:41:39.782",0x7503C5,ch1,Receive,0x0544,Data,Standard,0x08,x| 47 16 01 16 10 20 00 00 
00120,="23:41:39.782",0x7503CA,ch1,Receive,0x0544,Data,Standard,0x08,x| 00 00 00 00 00 00 00 00 
00121,="23:41:39.782",0x7503CE,ch1,Receive,0x0544,Data,Standard,0x06,x| 00 00 00 00 00 A4 
00122,="23:41:40.803",0x752C00,ch1,Receive,0x0123,Data,Standard,0x01,x| AA 
00123,="23:41:41.851",0x75544C,ch1,Receive,0x0123,Data,Standard,0x01,x| AA 
00124,="23:41:41.851",0x755450,ch1,Receive,0x0528,Data,Standard,0x06,x| 46 16 01 08 20 85 
00125,="23:41:41.851",0x755456,ch1,Receive,0x0544,Data,Standard,0x08,x| 47 16 01 08 20 11 11 11 
00126,="23:41:41.851",0x75545B,ch1,Receive,0x0544,Data,Standard,0x08,x| 00 12 12 12 00 00 00 00 
00127,="23:41:41.851",0x755460,ch1,Receive,0x0544,Data,Standard,0x08,x| 00 00 00 00 00 00 00 00 
00128,="23:41:41.851",0x755465,ch1,Receive,0x0544,Data,Standard,0x08,x| 00 00 00 00 00 00 00 00 
00129,="23:41:41.851",0x755469,ch1,Receive,0x0544,Data,Standard,0x06,x| 00 00 00 00 00 EF 
00130,="23:41:42.871",0x757C99,ch1,Receive,0x0123,Data,Standard,0x01,x| AA 
00131,="23:41:43.921",0x75A4E6,ch1,Receive,0x0123,Data,Standard,0x01,x| AA 
00132,="23:41:43.921",0x75A4EA,ch1,Receive,0x0528,Data,Standard,0x06,x| 46 16 01 09 04 6A 
00133,="23:41:43.921",0x75A4F1,ch1,Receive,0x0544,Data,Standard,0x08,x| 47 16 01 09 04 C7 3F 01 
00134,="23:41:43.921",0x75A4F4,ch1,Receive,0x0544,Data,Standard,0x02,x| 00 72 
00135,="23:41:44.942",0x75CD33,ch1,Receive,0x0123,Data,Standard,0x01,x| AA 
00136,="23:41:44.942",0x75CD37,ch1,Receive,0x0528,Data,Standard,0x06,x| 46 16 01 0A 04 6B 
00137,="23:41:44.942",0x75CD3F,ch1,Receive,0x0544,Data,Standard,0x08,x| 47 16 01 0A 04 00 00 00 
00138,="23:41:44.942",0x75CD42,ch1,Receive,0x0544,Data,Standard,0x02,x| 00 6C 
00139,="23:41:45.991",0x75F57F,ch1,Receive,0x0123,Data,Standard,0x01,x| AA 
00140,="23:41:45.991",0x75F583,ch1,Receive,0x0528,Data,Standard,0x06,x| 46 16 01 0D 04 6E 
00141,="23:41:45.991",0x75F58D,ch1,Receive,0x0544,Data,Standard,0x08,x| 47 16 01 0D 04 61 00 00 
00142,="23:41:45.991",0x75F58F,ch1,Receive,0x0544,Data,Standard,0x02,x| 00 D0 
00143,="23:41:47.011",0x761DCC,ch1,Receive,0x0123,Data,Standard,0x01,x| AA 
00144,="23:41:48.032",0x764619,ch1,Receive,0x0123,Data,Standard,0x01,x| AA 
00145,="23:41:49.081",0x766E66,ch1,Receive,0x0123,Data,Standard,0x01,x| AA 
00146,="23:41:50.102",0x7696B3,ch1,Receive,0x0123,Data,Standard,0x01,x| AA 
00147,="23:41:50.102",0x7696B6,ch1,Receive,0x0528,Data,Standard,0x06,x| 46 16 01 0E 04 6F 
00148,="23:41:50.102",0x7696C4,ch1,Receive,0x0544,Data,Standard,0x08,x| 47 16 01 0E 04 64 00 00 
00149,="23:41:50.102",0x7696C6,ch1,Receive,0x0544,Data,Standard,0x02,x| 00 D4 
00150,="23:41:51.152",0x76BEFF,ch1,Receive,0x0123,Data,Standard,0x01,x| AA 
00151,="23:41:52.173",0x76E74C,ch1,Receive,0x0123,Data,Standard,0x01,x| AA 
00152,="23:41:52.173",0x76E750,ch1,Receive,0x0528,Data,Standard,0x06,x| 46 16 01 24 20 A1 
00153,="23:41:52.173",0x76E758,ch1,Receive,0x0544,Data,Standard,0x08,x| 47 16 01 24 20 FB 0F F9 
00154,="23:41:52.173",0x76E75C,ch1,Receive,0x0544,Data,Standard,0x08,x| 0F F9 0F FB 0F FB 0F FA 
00155,="23:41:52.173",0x76E761,ch1,Receive,0x0544,Data,Standard,0x08,x| 0F F3 0F FB 0F FB 0F FB 
00156,="23:41:52.173",0x76E766,ch1,Receive,0x0544,Data,Standard,0x08,x| 0F F7 0F FC 0F FB 0F FC 
00157,="23:41:52.173",0x76E76A,ch1,Receive,0x0544,Data,Standard,0x06,x| 0F FD 0F 03 10 3E 
00158,="23:41:53.223",0x770F99,ch1,Receive,0x0123,Data,Standard,0x01,x| AA 
00159,="23:41:54.242",0x7737E6,ch1,Receive,0x0123,Data,Standard,0x01,x| AA 
00160,="23:41:54.242",0x7737EA,ch1,Receive,0x0528,Data,Standard,0x06,x| 46 16 01 25 20 A2 
00161,="23:41:54.242",0x7737F0,ch1,Receive,0x0544,Data,Standard,0x08,x| 47 16 01 25 20 06 10 06 
00162,="23:41:54.242",0x7737F5,ch1,Receive,0x0544,Data,Standard,0x08,x| 10 03 10 05 10 00 00 00 
00163,="23:41:54.242",0x7737FA,ch1,Receive,0x0544,Data,Standard,0x08,x| 00 00 00 00 00 00 00 00 
00164,="23:41:54.242",0x7737FF,ch1,Receive,0x0544,Data,Standard,0x08,x| 00 00 00 00 00 00 00 00 
00165,="23:41:54.242",0x773803,ch1,Receive,0x0544,Data,Standard,0x06,x| 00 00 00 00 00 F7 
00166,="23:41:55.262",0x776032,ch1,Receive,0x0123,Data,Standard,0x01,x| AA 
00167,="23:41:56.312",0x77887F,ch1,Receive,0x0123,Data,Standard,0x01,x| AA 
00168,="23:41:56.312",0x778883,ch1,Receive,0x0528,Data,Standard,0x06,x| 46 16 01 26 0E 91 
00169,="23:41:56.312",0x77888A,ch1,Receive,0x0544,Data,Standard,0x08,x| 47 16 01 26 0E 75 26 FF 
00170,="23:41:56.312",0x77888F,ch1,Receive,0x0544,Data,Standard,0x08,x| FF B0 17 00 00 88 10 58 
00171,="23:41:56.312",0x778892,ch1,Receive,0x0544,Data,Standard,0x04,x| 02 38 01 1D 
00172,="23:41:57.331",0x77B0CC,ch1,Receive,0x0123,Data,Standard,0x01,x| AA 
00173,="23:41:58.381",0x77D919,ch1,Receive,0x0123,Data,Standard,0x01,x| AA 
00174,="23:41:59.402",0x780166,ch1,Receive,0x0123,Data,Standard,0x01,x| AA 
00175,="23:42:00.452",0x7829B2,ch1,Receive,0x0123,Data,Standard,0x01,x| AA 
00176,="23:42:00.452",0x7829B6,ch1,Receive,0x0528,Data,Standard,0x06,x| 46 16 01 16 10 83 
00177,="23:42:00.452",0x7829BF,ch1,Receive,0x0544,Data,Standard,0x08,x| 47 16 01 16 10 20 00 00 
00178,="23:42:00.452",0x7829C4,ch1,Receive,0x0544,Data,Standard,0x08,x| 00 00 00 00 00 00 00 00 
00179,="23:42:00.452",0x7829C9,ch1,Receive,0x0544,Data,Standard,0x06,x| 00 00 00 00 00 A4 
00180,="23:42:01.472",0x7851FF,ch1,Receive,0x0123,Data,Standard,0x01,x| AA 
00181,="23:42:02.522",0x787A4C,ch1,Receive,0x0123,Data,Standard,0x01,x| AA 
00182,="23:42:02.522",0x787A50,ch1,Receive,0x0528,Data,Standard,0x06,x| 46 16 01 08 20 85 
00183,="23:42:02.522",0x787A5C,ch1,Receive,0x0544,Data,Standard,0x08,x| 47 16 01 08 20 11 11 12 
00184,="23:42:02.522",0x787A60,ch1,Receive,0x0544,Data,Standard,0x08,x| 00 12 12 12 00 00 00 00 
00185,="23:42:02.522",0x787A66,ch1,Receive,0x0544,Data,Standard,0x08,x| 00 00 00 00 00 00 00 00 
00186,="23:42:02.522",0x787A6B,ch1,Receive,0x0544,Data,Standard,0x08,x| 00 00 00 00 00 00 00 00 
00187,="23:42:02.522",0x787A6F,ch1,Receive,0x0544,Data,Standard,0x06,x| 00 00 00 00 00 F0 
00188,="23:42:03.542",0x78A299,ch1,Receive,0x0123,Data,Standard,0x01,x| AA 
00189,="23:42:04.561",0x78CAE5,ch1,Receive,0x0123,Data,Standard,0x01,x| AA 
00190,="23:42:04.561",0x78CAE9,ch1,Receive,0x0528,Data,Standard,0x06,x| 46 16 01 09 04 6A 
00191,="23:42:04.561",0x78CAF3,ch1,Receive,0x0544,Data,Standard,0x08,x| 47 16 01 09 04 AF 3F 01 
00192,="23:42:04.561",0x78CAF6,ch1,Receive,0x0544,Data,Standard,0x02,x| 00 5A 
00193,="23:42:05.611",0x78F332,ch1,Receive,0x0123,Data,Standard,0x01,x| AA 
00194,="23:42:05.611",0x78F336,ch1,Receive,0x0528,Data,Standard,0x06,x| 46 16 01 0A 04 6B 
00195,="23:42:05.611",0x78F340,ch1,Receive,0x0544,Data,Standard,0x08,x| 47 16 01 0A 04 00 00 00 
00196,="23:42:05.611",0x78F343,ch1,Receive,0x0544,Data,Standard,0x02,x| 00 6C 
00197,="23:42:06.631",0x791B7F,ch1,Receive,0x0123,Data,Standard,0x01,x| AA 
00198,="23:42:06.631",0x791B83,ch1,Receive,0x0528,Data,Standard,0x06,x| 46 16 01 0D 04 6E 
00199,="23:42:06.631",0x791B8D,ch1,Receive,0x0544,Data,Standard,0x08,x| 47 16 01 0D 04 61 00 00 
00200,="23:42:06.631",0x791B90,ch1,Receive,0x0544,Data,Standard,0x02,x| 00 D0 
00201,="23:42:07.682",0x7943CC,ch1,Receive,0x0123,Data,Standard,0x01,x| AA 
00202,="23:42:08.702",0x796C18,ch1,Receive,0x0123,Data,Standard,0x01,x| AA 
00203,="23:42:09.752",0x799465,ch1,Receive,0x0123,Data,Standard,0x01,x| AA 
00204,="23:42:10.772",0x79BCB2,ch1,Receive,0x0123,Data,Standard,0x01,x| AA 
00205,="23:42:10.772",0x79BCB6,ch1,Receive,0x0528,Data,Standard,0x06,x| 46 16 01 0E 04 6F 
00206,="23:42:10.772",0x79BCC1,ch1,Receive,0x0544,Data,Standard,0x08,x| 47 16 01 0E 04 64 00 00 
00207,="23:42:10.772",0x79BCC4,ch1,Receive,0x0544,Data,Standard,0x02,x| 00 D4 
00208,="23:42:11.793",0x79E4FF,ch1,Receive,0x0123,Data,Standard,0x01,x| AA 
00209,="23:42:12.842",0x7A0D4C,ch1,Receive,0x0123,Data,Standard,0x01,x| AA 
00210,="23:42:12.842",0x7A0D50,ch1,Receive,0x0528,Data,Standard,0x06,x| 46 16 01 24 20 A1 
00211,="23:42:12.842",0x7A0D5E,ch1,Receive,0x0544,Data,Standard,0x08,x| 47 16 01 24 20 FB 0F F9 
00212,="23:42:12.842",0x7A0D63,ch1,Receive,0x0544,Data,Standard,0x08,x| 0F F9 0F FC 0F FC 0F FA 
00213,="23:42:12.842",0x7A0D68,ch1,Receive,0x0544,Data,Standard,0x08,x| 0F F3 0F FA 0F FB 0F FB 
00214,="23:42:12.842",0x7A0D6C,ch1,Receive,0x0544,Data,Standard,0x08,x| 0F F7 0F FC 0F FB 0F FD 
00215,="23:42:12.842",0x7A0D71,ch1,Receive,0x0544,Data,Standard,0x06,x| 0F FD 0F 03 10 40 
00216,="23:42:13.862",0x7A3598,ch1,Receive,0x0123,Data,Standard,0x01,x| AA 
00217,="23:42:14.912",0x7A5DE5,ch1,Receive,0x0123,Data,Standard,0x01,x| AA 
00218,="23:42:14.912",0x7A5DE9,ch1,Receive,0x0528,Data,Standard,0x06,x| 46 16 01 25 20 A2 
00219,="23:42:14.912",0x7A5DF6,ch1,Receive,0x0544,Data,Standard,0x08,x| 47 16 01 25 20 09 10 06 
00220,="23:42:14.912",0x7A5DFB,ch1,Receive,0x0544,Data,Standard,0x08,x| 10 03 10 05 10 00 00 00 
00221,="23:42:14.912",0x7A5E00,ch1,Receive,0x0544,Data,Standard,0x08,x| 00 00 00 00 00 00 00 00 
00222,="23:42:14.912",0x7A5E05,ch1,Receive,0x0544,Data,Standard,0x08,x| 00 00 00 00 00 00 00 00 
00223,="23:42:14.912",0x7A5E0A,ch1,Receive,0x0544,Data,Standard,0x06,x| 00 00 00 00 00 FA 
00224,="23:42:15.931",0x7A8632,ch1,Receive,0x0123,Data,Standard,0x01,x| AA 
00225,="23:42:16.983",0x7AAE7F,ch1,Receive,0x0123,Data,Standard,0x01,x| AA 
00226,="23:42:16.983",0x7AAE83,ch1,Receive,0x0528,Data,Standard,0x06,x| 46 16 01 26 0E 91 
00227,="23:42:16.983",0x7AAE91,ch1,Receive,0x0544,Data,Standard,0x08,x| 47 16 01 26 0E 75 26 FF 
00228,="23:42:16.983",0x7AAE96,ch1,Receive,0x0544,Data,Standard,0x08,x| FF B0 17 00 00 88 10 58 
00229,="23:42:16.983",0x7AAE99,ch1,Receive,0x0544,Data,Standard,0x04,x| 02 38 01 1D 
00230,="23:42:18.002",0x7AD6CC,ch1,Receive,0x0123,Data,Standard,0x01,x| AA 
00231,="23:42:19.023",0x7AFF18,ch1,Receive,0x0123,Data,Standard,0x01,x| AA 
00232,="23:42:20.072",0x7B2765,ch1,Receive,0x0123,Data,Standard,0x01,x| AA 
00233,="23:42:21.091",0x7B4FB2,ch1,Receive,0x0123,Data,Standard,0x01,x| AA 
00234,="23:42:21.091",0x7B4FB6,ch1,Receive,0x0528,Data,Standard,0x06,x| 46 16 01 16 10 83 
00235,="23:42:21.091",0x7B4FBC,ch1,Receive,0x0544,Data,Standard,0x08,x| 47 16 01 16 10 20 00 00 
00236,="23:42:21.091",0x7B4FC1,ch1,Receive,0x0544,Data,Standard,0x08,x| 00 00 00 00 00 00 00 00 
00237,="23:42:21.091",0x7B4FC6,ch1,Receive,0x0544,Data,Standard,0x06,x| 00 00 00 00 00 A4 
00238,="23:42:22.142",0x7B77FF,ch1,Receive,0x0123,Data,Standard,0x01,x| AA 
00239,="23:42:23.162",0x7BA04B,ch1,Receive,0x0123,Data,Standard,0x01,x| AA 
00240,="23:42:23.162",0x7BA04F,ch1,Receive,0x0528,Data,Standard,0x06,x| 46 16 01 08 20 85 
00241,="23:42:23.162",0x7BA057,ch1,Receive,0x0544,Data,Standard,0x08,x| 47 16 01 08 20 11 11 11 
00242,="23:42:23.162",0x7BA05C,ch1,Receive,0x0544,Data,Standard,0x08,x| 00 12 12 13 00 00 00 00 
00243,="23:42:23.162",0x7BA061,ch1,Receive,0x0544,Data,Standard,0x08,x| 00 00 00 00 00 00 00 00 
00244,="23:42:23.162",0x7BA066,ch1,Receive,0x0544,Data,Standard,0x08,x| 00 00 00 00 00 00 00 00 
00245,="23:42:23.162",0x7BA06A,ch1,Receive,0x0544,Data,Standard,0x06,x| 00 00 00 00 00 F0 
00246,="23:42:24.211",0x7BC898,ch1,Receive,0x0123,Data,Standard,0x01,x| AA 
00247,="23:42:25.232",0x7BF0E5,ch1,Receive,0x0123,Data,Standard,0x01,x| AA 
00248,="23:42:25.232",0x7BF0E9,ch1,Receive,0x0528,Data,Standard,0x06,x| 46 16 01 09 04 6A 
00249,="23:42:25.232",0x7BF0F0,ch1,Receive,0x0544,Data,Standard,0x08,x| 47 16 01 09 04 C5 3F 01 
00250,="23:42:25.232",0x7BF0F3,ch1,Receive,0x0544,Data,Standard,0x02,x| 00 70 
00251,="23:42:26.251",0x7C1932,ch1,Receive,0x0123,Data,Standard,0x01,x| AA 
00252,="23:42:26.251",0x7C1936,ch1,Receive,0x0528,Data,Standard,0x06,x| 46 16 01 0A 04 6B 
00253,="23:42:26.281",0x7C193E,ch1,Receive,0x0544,Data,Standard,0x08,x| 47 16 01 0A 04 00 00 00 
00254,="23:42:26.281",0x7C1940,ch1,Receive,0x0544,Data,Standard,0x02,x| 00 6C 
00255,="23:42:27.301",0x7C417F,ch1,Receive,0x0123,Data,Standard,0x01,x| AA 
00256,="23:42:27.301",0x7C4182,ch1,Receive,0x0528,Data,Standard,0x06,x| 46 16 01 0D 04 6E 
00257,="23:42:27.301",0x7C418B,ch1,Receive,0x0544,Data,Standard,0x08,x| 47 16 01 0D 04 61 00 00 
00258,="23:42:27.301",0x7C418D,ch1,Receive,0x0544,Data,Standard,0x02,x| 00 D0 
00259,="23:42:28.322",0x7C69CB,ch1,Receive,0x0123,Data,Standard,0x01,x| AA 
00260,="23:42:29.372",0x7C9218,ch1,Receive,0x0123,Data,Standard,0x01,x| AA 
00261,="23:42:30.392",0x7CBA65,ch1,Receive,0x0123,Data,Standard,0x01,x| AA 
00262,="23:42:31.442",0x7CE2B2,ch1,Receive,0x0123,Data,Standard,0x01,x| AA 
00263,="23:42:31.442",0x7CE2B6,ch1,Receive,0x0528,Data,Standard,0x06,x| 46 16 01 0E 04 6F 
00264,="23:42:31.442",0x7CE2BF,ch1,Receive,0x0544,Data,Standard,0x08,x| 47 16 01 0E 04 64 00 00 
00265,="23:42:31.442",0x7CE2C2,ch1,Receive,0x0544,Data,Standard,0x02,x| 00 D4 
00266,="23:42:32.462",0x7D0AFE,ch1,Receive,0x0123,Data,Standard,0x01,x| AA 
00267,="23:42:33.482",0x7D334B,ch1,Receive,0x0123,Data,Standard,0x01,x| AA 
00268,="23:42:33.482",0x7D334F,ch1,Receive,0x0528,Data,Standard,0x06,x| 46 16 01 24 20 A1 
00269,="23:42:33.511",0x7D335A,ch1,Receive,0x0544,Data,Standard,0x08,x| 47 16 01 24 20 FB 0F F9 
00270,="23:42:33.511",0x7D335F,ch1,Receive,0x0544,Data,Standard,0x08,x| 0F F9 0F FC 0F FC 0F FA 
00271,="23:42:33.511",0x7D3363,ch1,Receive,0x0544,Data,Standard,0x08,x| 0F F3 0F FB 0F FB 0F FB 
00272,="23:42:33.511",0x7D3368,ch1,Receive,0x0544,Data,Standard,0x08,x| 0F F7 0F FC 0F FB 0F FC 
00273,="23:42:33.511",0x7D336C,ch1,Receive,0x0544,Data,Standard,0x06,x| 0F FD 0F 03 10 40 
00274,="23:42:34.532",0x7D5B98,ch1,Receive,0x0123,Data,Standard,0x01,x| AA 
00275,="23:42:35.551",0x7D83E5,ch1,Receive,0x0123,Data,Standard,0x01,x| AA 
00276,="23:42:35.551",0x7D83E9,ch1,Receive,0x0528,Data,Standard,0x06,x| 46 16 01 25 20 A2 
00277,="23:42:35.551",0x7D83F4,ch1,Receive,0x0544,Data,Standard,0x08,x| 47 16 01 25 20 09 10 06 
00278,="23:42:35.551",0x7D83F9,ch1,Receive,0x0544,Data,Standard,0x08,x| 10 03 10 05 10 00 00 00 
00279,="23:42:35.551",0x7D83FE,ch1,Receive,0x0544,Data,Standard,0x08,x| 00 00 00 00 00 00 00 00 
00280,="23:42:35.551",0x7D8403,ch1,Receive,0x0544,Data,Standard,0x08,x| 00 00 00 00 00 00 00 00 
00281,="23:42:35.551",0x7D8407,ch1,Receive,0x0544,Data,Standard,0x06,x| 00 00 00 00 00 FA 
00282,="23:42:36.602",0x7DAC32,ch1,Receive,0x0123,Data,Standard,0x01,x| AA 
00283,="23:42:37.622",0x7DD47E,ch1,Receive,0x0123,Data,Standard,0x01,x| AA 
00284,="23:42:37.622",0x7DD482,ch1,Receive,0x0528,Data,Standard,0x06,x| 46 16 01 26 0E 91 
00285,="23:42:37.622",0x7DD48C,ch1,Receive,0x0544,Data,Standard,0x08,x| 47 16 01 26 0E 75 26 FF 
00286,="23:42:37.622",0x7DD491,ch1,Receive,0x0544,Data,Standard,0x08,x| FF B0 17 00 00 88 10 58 
00287,="23:42:37.622",0x7DD494,ch1,Receive,0x0544,Data,Standard,0x04,x| 02 38 01 1D 
00288,="23:42:38.671",0x7DFCCB,ch1,Receive,0x0123,Data,Standard,0x01,x| AA 
00289,="23:42:39.691",0x7E2518,ch1,Receive,0x0123,Data,Standard,0x01,x| AA 
00290,="23:42:40.741",0x7E4D65,ch1,Receive,0x0123,Data,Standard,0x01,x| AA 
00291,="23:42:41.761",0x7E75B1,ch1,Receive,0x0123,Data,Standard,0x01,x| AA 
00292,="23:42:41.761",0x7E75B5,ch1,Receive,0x0528,Data,Standard,0x06,x| 46 16 01 16 10 83 
00293,="23:42:41.761",0x7E7641,ch1,Receive,0x0544,Data,Standard,0x08,x| 47 16 01 16 10 20 00 00 
00294,="23:42:41.761",0x7E7646,ch1,Receive,0x0544,Data,Standard,0x08,x| 00 00 00 00 00 00 00 00 
00295,="23:42:41.761",0x7E764B,ch1,Receive,0x0544,Data,Standard,0x06,x| 00 00 00 00 00 A4 
00296,="23:42:42.781",0x7E9DFE,ch1,Receive,0x0123,Data,Standard,0x01,x| AA 
00297,="23:42:43.832",0x7EC64B,ch1,Receive,0x0123,Data,Standard,0x01,x| AA 
00298,="23:42:43.832",0x7EC64F,ch1,Receive,0x0528,Data,Standard,0x06,x| 46 16 01 08 20 85 
00299,="23:42:43.832",0x7EC658,ch1,Receive,0x0544,Data,Standard,0x08,x| 47 16 01 08 20 12 11 12 
00300,="23:42:43.832",0x7EC65D,ch1,Receive,0x0544,Data,Standard,0x08,x| 00 12 12 13 00 00 00 00 
00301,="23:42:43.832",0x7EC662,ch1,Receive,0x0544,Data,Standard,0x08,x| 00 00 00 00 00 00 00 00 
00302,="23:42:43.832",0x7EC667,ch1,Receive,0x0544,Data,Standard,0x08,x| 00 00 00 00 00 00 00 00 
00303,="23:42:43.832",0x7EC66B,ch1,Receive,0x0544,Data,Standard,0x06,x| 00 00 00 00 00 F2 
00304,="23:42:44.851",0x7EEE98,ch1,Receive,0x0123,Data,Standard,0x01,x| AA 
00305,="23:42:45.901",0x7F16E5,ch1,Receive,0x0123,Data,Standard,0x01,x| AA 
00306,="23:42:45.901",0x7F16E8,ch1,Receive,0x0528,Data,Standard,0x06,x| 46 16 01 09 04 6A 
00307,="23:42:45.901",0x7F16F1,ch1,Receive,0x0544,Data,Standard,0x08,x| 47 16 01 09 04 C4 3F 01 
00308,="23:42:45.901",0x7F16F4,ch1,Receive,0x0544,Data,Standard,0x02,x| 00 6F 
00309,="23:42:46.921",0x7F3F31,ch1,Receive,0x0123,Data,Standard,0x01,x| AA 
00310,="23:42:46.921",0x7F3F35,ch1,Receive,0x0528,Data,Standard,0x06,x| 46 16 01 0A 04 6B 
00311,="23:42:46.921",0x7F3F3E,ch1,Receive,0x0544,Data,Standard,0x08,x| 47 16 01 0A 04 00 00 00 
00312,="23:42:46.921",0x7F3F40,ch1,Receive,0x0544,Data,Standard,0x02,x| 00 6C 
00313,="23:42:47.972",0x7F677E,ch1,Receive,0x0123,Data,Standard,0x01,x| AA 
00314,="23:42:47.972",0x7F6782,ch1,Receive,0x0528,Data,Standard,0x06,x| 46 16 01 0D 04 6E 
00315,="23:42:47.972",0x7F678A,ch1,Receive,0x0544,Data,Standard,0x08,x| 47 16 01 0D 04 61 00 00 
00316,="23:42:47.972",0x7F678C,ch1,Receive,0x0544,Data,Standard,0x02,x| 00 D0 
00317,="23:42:48.992",0x7F8FCB,ch1,Receive,0x0123,Data,Standard,0x01,x| AA 
00318,="23:42:50.011",0x7FB818,ch1,Receive,0x0123,Data,Standard,0x01,x| AA 
00319,="23:42:51.062",0x7FE064,ch1,Receive,0x0123,Data,Standard,0x01,x| AA 
00320,="23:42:52.082",0x8008B1,ch1,Receive,0x0123,Data,Standard,0x01,x| AA 
00321,="23:42:52.082",0x8008B5,ch1,Receive,0x0528,Data,Standard,0x06,x| 46 16 01 0E 04 6F 
00322,="23:42:52.082",0x8008BC,ch1,Receive,0x0544,Data,Standard,0x08,x| 47 16 01 0E 04 64 00 00 
00323,="23:42:52.082",0x8008BF,ch1,Receive,0x0544,Data,Standard,0x02,x| 00 D4 
00324,="23:42:53.131",0x8030FE,ch1,Receive,0x0123,Data,Standard,0x01,x| AA 
00325,="23:42:54.152",0x80594B,ch1,Receive,0x0123,Data,Standard,0x01,x| AA 
00326,="23:42:54.152",0x80594F,ch1,Receive,0x0528,Data,Standard,0x06,x| 46 16 01 24 20 A1 
00327,="23:42:54.152",0x805956,ch1,Receive,0x0544,Data,Standard,0x08,x| 47 16 01 24 20 FB 0F F9 
00328,="23:42:54.152",0x80595B,ch1,Receive,0x0544,Data,Standard,0x08,x| 0F F9 0F FC 0F FC 0F FA 
00329,="23:42:54.152",0x805960,ch1,Receive,0x0544,Data,Standard,0x08,x| 0F F3 0F FB 0F FB 0F FB 
00330,="23:42:54.152",0x805965,ch1,Receive,0x0544,Data,Standard,0x08,x| 0F F7 0F FC 0F FC 0F FD 
00331,="23:42:54.152",0x805969,ch1,Receive,0x0544,Data,Standard,0x06,x| 0F FD 0F 03 10 42 
00332,="23:42:55.201",0x808198,ch1,Receive,0x0123,Data,Standard,0x01,x| AA 
00333,="23:42:56.221",0x80A9E4,ch1,Receive,0x0123,Data,Standard,0x01,x| AA 
00334,="23:42:56.221",0x80A9E8,ch1,Receive,0x0528,Data,Standard,0x06,x| 46 16 01 25 20 A2 
00335,="23:42:56.221",0x80A9F0,ch1,Receive,0x0544,Data,Standard,0x08,x| 47 16 01 25 20 06 10 06 
00336,="23:42:56.221",0x80A9F5,ch1,Receive,0x0544,Data,Standard,0x08,x| 10 01 10 05 10 00 00 00 
00337,="23:42:56.221",0x80A9FA,ch1,Receive,0x0544,Data,Standard,0x08,x| 00 00 00 00 00 00 00 00 
00338,="23:42:56.221",0x80A9FF,ch1,Receive,0x0544,Data,Standard,0x08,x| 00 00 00 00 00 00 00 00 
00339,="23:42:56.221",0x80AA03,ch1,Receive,0x0544,Data,Standard,0x06,x| 00 00 00 00 00 F5 
00340,="23:42:57.241",0x80D231,ch1,Receive,0x0123,Data,Standard,0x01,x| AA 
00341,="23:42:58.292",0x80FA7E,ch1,Receive,0x0123,Data,Standard,0x01,x| AA 
00342,="23:42:58.292",0x80FA82,ch1,Receive,0x0528,Data,Standard,0x06,x| 46 16 01 26 0E 91 
00343,="23:42:58.292",0x80FA89,ch1,Receive,0x0544,Data,Standard,0x08,x| 47 16 01 26 0E 75 26 FF 
00344,="23:42:58.292",0x80FA8E,ch1,Receive,0x0544,Data,Standard,0x08,x| FF B0 17 00 00 88 10 58 
00345,="23:42:58.292",0x80FA91,ch1,Receive,0x0544,Data,Standard,0x04,x| 02 38 01 1D 
00346,="23:42:59.311",0x8122CB,ch1,Receive,0x0123,Data,Standard,0x01,x| AA 
00347,="23:43:00.361",0x814B17,ch1,Receive,0x0123,Data,Standard,0x01,x| AA 
00348,="23:43:01.381",0x817364,ch1,Receive,0x0123,Data,Standard,0x01,x| AA 
00349,="23:43:02.431",0x819BB1,ch1,Receive,0x0123,Data,Standard,0x01,x| AA 
00350,="23:43:02.431",0x819BB5,ch1,Receive,0x0528,Data,Standard,0x06,x| 46 16 01 16 10 83 
00351,="23:43:02.431",0x819BBB,ch1,Receive,0x0544,Data,Standard,0x08,x| 47 16 01 16 10 20 00 00 
00352,="23:43:02.431",0x819BC0,ch1,Receive,0x0544,Data,Standard,0x08,x| 00 00 00 00 00 00 00 00 
00353,="23:43:02.431",0x819BC4,ch1,Receive,0x0544,Data,Standard,0x06,x| 00 00 00 00 00 A4 
00354,="23:43:03.451",0x81C3FE,ch1,Receive,0x0123,Data,Standard,0x01,x| AA 
00355,="23:43:04.473",0x81EC4B,ch1,Receive,0x0123,Data,Standard,0x01,x| AA 
00356,="23:43:04.473",0x81EC4F,ch1,Receive,0x0528,Data,Standard,0x06,x| 46 16 01 08 20 85 
00357,="23:43:04.473",0x81EC54,ch1,Receive,0x0544,Data,Standard,0x08,x| 47 16 01 08 20 12 11 12 
00358,="23:43:04.473",0x81EC59,ch1,Receive,0x0544,Data,Standard,0x08,x| 00 12 12 13 00 00 00 00 
00359,="23:43:04.473",0x81EC5E,ch1,Receive,0x0544,Data,Standard,0x08,x| 00 00 00 00 00 00 00 00 
00360,="23:43:04.473",0x81EC63,ch1,Receive,0x0544,Data,Standard,0x08,x| 00 00 00 00 00 00 00 00 
00361,="23:43:04.473",0x81EC67,ch1,Receive,0x0544,Data,Standard,0x06,x| 00 00 00 00 00 F2 
00362,="23:43:05.522",0x821497,ch1,Receive,0x0123,Data,Standard,0x01,x| AA 
00363,="23:43:06.542",0x823CE4,ch1,Receive,0x0123,Data,Standard,0x01,x| AA 
00364,="23:43:06.542",0x823CE8,ch1,Receive,0x0528,Data,Standard,0x06,x| 46 16 01 09 04 6A 
00365,="23:43:06.542",0x823CED,ch1,Receive,0x0544,Data,Standard,0x08,x| 47 16 01 09 04 C0 3F 01 
00366,="23:43:06.542",0x823CF0,ch1,Receive,0x0544,Data,Standard,0x02,x| 00 6B 
00367,="23:43:07.592",0x826531,ch1,Receive,0x0123,Data,Standard,0x01,x| AA 
00368,="23:43:07.592",0x826535,ch1,Receive,0x0528,Data,Standard,0x06,x| 46 16 01 0A 04 6B 
00369,="23:43:07.592",0x826544,ch1,Receive,0x0544,Data,Standard,0x08,x| 47 16 01 0A 04 00 00 00 
00370,="23:43:07.592",0x826546,ch1,Receive,0x0544,Data,Standard,0x02,x| 00 6C 
00371,="23:43:08.611",0x828D7E,ch1,Receive,0x0123,Data,Standard,0x01,x| AA 
00372,="23:43:08.611",0x828D82,ch1,Receive,0x0528,Data,Standard,0x06,x| 46 16 01 0D 04 6E 
00373,="23:43:08.611",0x828D90,ch1,Receive,0x0544,Data,Standard,0x08,x| 47 16 01 0D 04 61 00 00 
00374,="23:43:08.611",0x828D92,ch1,Receive,0x0544,Data,Standard,0x02,x| 00 D0 
00375,="23:43:09.661",0x82B5CA,ch1,Receive,0x0123,Data,Standard,0x01,x| AA 
00376,="23:43:10.681",0x82DE17,ch1,Receive,0x0123,Data,Standard,0x01,x| AA 
00377,="23:43:11.702",0x830664,ch1,Receive,0x0123,Data,Standard,0x01,x| AA 
00378,="23:43:12.751",0x832EB1,ch1,Receive,0x0123,Data,Standard,0x01,x| AA 
00379,="23:43:12.751",0x832EB5,ch1,Receive,0x0528,Data,Standard,0x06,x| 46 16 01 0E 04 6F 
00380,="23:43:12.751",0x832EC1,ch1,Receive,0x0544,Data,Standard,0x08,x| 47 16 01 0E 04 64 00 00 
00381,="23:43:12.751",0x832EC4,ch1,Receive,0x0544,Data,Standard,0x02,x| 00 D4 
00382,="23:43:13.772",0x8356FE,ch1,Receive,0x0123,Data,Standard,0x01,x| AA 
00383,="23:43:14.822",0x837F4A,ch1,Receive,0x0123,Data,Standard,0x01,x| AA 
00384,="23:43:14.822",0x837F4E,ch1,Receive,0x0528,Data,Standard,0x06,x| 46 16 01 24 20 A1 
00385,="23:43:14.822",0x837F5D,ch1,Receive,0x0544,Data,Standard,0x08,x| 47 16 01 24 20 FB 0F F9 
00386,="23:43:14.822",0x837F61,ch1,Receive,0x0544,Data,Standard,0x08,x| 0F F9 0F FC 0F FC 0F FA 
00387,="23:43:14.822",0x837F66,ch1,Receive,0x0544,Data,Standard,0x08,x| 0F F4 0F FB 0F FB 0F FB 
00388,="23:43:14.822",0x837F6B,ch1,Receive,0x0544,Data,Standard,0x08,x| 0F F7 0F FC 0F FC 0F FD 
00389,="23:43:14.822",0x837F6F,ch1,Receive,0x0544,Data,Standard,0x06,x| 0F FD 0F 03 10 43 
00390,="23:43:15.841",0x83A797,ch1,Receive,0x0123,Data,Standard,0x01,x| AA 
00391,="23:43:16.892",0x83CFE4,ch1,Receive,0x0123,Data,Standard,0x01,x| AA 
00392,="23:43:16.892",0x83CFE8,ch1,Receive,0x0528,Data,Standard,0x06,x| 46 16 01 25 20 A2 
00393,="23:43:16.892",0x83CFF3,ch1,Receive,0x0544,Data,Standard,0x08,x| 47 16 01 25 20 06 10 06 
00394,="23:43:16.892",0x83CFF8,ch1,Receive,0x0544,Data,Standard,0x08,x| 10 03 10 03 10 00 00 00 
00395,="23:43:16.892",0x83CFFD,ch1,Receive,0x0544,Data,Standard,0x08,x| 00 00 00 00 00 00 00 00 
00396,="23:43:16.892",0x83D002,ch1,Receive,0x0544,Data,Standard,0x08,x| 00 00 00 00 00 00 00 00 
00397,="23:43:16.892",0x83D007,ch1,Receive,0x0544,Data,Standard,0x06,x| 00 00 00 00 00 F5 
00398,="23:43:17.911",0x83F831,ch1,Receive,0x0123,Data,Standard,0x01,x| AA 
00399,="23:43:18.932",0x84207E,ch1,Receive,0x0123,Data,Standard,0x01,x| AA 
00400,="23:43:18.932",0x842081,ch1,Receive,0x0528,Data,Standard,0x06,x| 46 16 01 26 0E 91 
00401,="23:43:18.961",0x8420B3,ch1,Receive,0x0544,Data,Standard,0x08,x| 47 16 01 26 0E 75 26 FF 
00402,="23:43:18.961",0x8420B8,ch1,Receive,0x0544,Data,Standard,0x08,x| FF B0 17 00 00 88 10 58 
00403,="23:43:18.961",0x8420BB,ch1,Receive,0x0544,Data,Standard,0x04,x| 02 38 01 1D 
00404,="23:43:19.983",0x8448CA,ch1,Receive,0x0123,Data,Standard,0x01,x| AA 
00405,="23:43:21.001",0x847117,ch1,Receive,0x0123,Data,Standard,0x01,x| AA 
00406,="23:43:22.052",0x849964,ch1,Receive,0x0123,Data,Standard,0x01,x| AA 
00407,="23:43:23.072",0x84C1B1,ch1,Receive,0x0123,Data,Standard,0x01,x| AA 
00408,="23:43:23.072",0x84C1B5,ch1,Receive,0x0528,Data,Standard,0x06,x| 46 16 01 16 10 83 
00409,="23:43:23.072",0x84C1BC,ch1,Receive,0x0544,Data,Standard,0x08,x| 47 16 01 16 10 20 00 00 
00410,="23:43:23.072",0x84C1C1,ch1,Receive,0x0544,Data,Standard,0x08,x| 00 00 00 00 00 00 00 00 
00411,="23:43:23.072",0x84C1C5,ch1,Receive,0x0544,Data,Standard,0x06,x| 00 00 00 00 00 A4 
00412,="23:43:24.121",0x84E9FD,ch1,Receive,0x0123,Data,Standard,0x01,x| AA 
00413,="23:43:25.142",0x85124A,ch1,Receive,0x0123,Data,Standard,0x01,x| AA 
00414,="23:43:25.142",0x85124E,ch1,Receive,0x0528,Data,Standard,0x06,x| 46 16 01 08 20 85 
00415,="23:43:25.142",0x851257,ch1,Receive,0x0544,Data,Standard,0x08,x| 47 16 01 08 20 12 11 12 
00416,="23:43:25.142",0x85125B,ch1,Receive,0x0544,Data,Standard,0x08,x| 00 12 12 13 00 00 00 00 
00417,="23:43:25.142",0x851261,ch1,Receive,0x0544,Data,Standard,0x08,x| 00 00 00 00 00 00 00 00 
00418,="23:43:25.142",0x851266,ch1,Receive,0x0544,Data,Standard,0x08,x| 00 00 00 00 00 00 00 00 
00419,="23:43:25.142",0x85126A,ch1,Receive,0x0544,Data,Standard,0x06,x| 00 00 00 00 00 F2 
00420,="23:43:26.163",0x853A97,ch1,Receive,0x0123,Data,Standard,0x01,x| AA 
00421,="23:43:27.211",0x8562E4,ch1,Receive,0x0123,Data,Standard,0x01,x| AA 
00422,="23:43:27.211",0x8562E8,ch1,Receive,0x0528,Data,Standard,0x06,x| 46 16 01 09 04 6A 
00423,="23:43:27.211",0x8562ED,ch1,Receive,0x0544,Data,Standard,0x08,x| 47 16 01 09 04 C0 3F 01 
00424,="23:43:27.211",0x8562F0,ch1,Receive,0x0544,Data,Standard,0x02,x| 00 6B 
00425,="23:43:28.231",0x858B30,ch1,Receive,0x0123,Data,Standard,0x01,x| AA 
00426,="23:43:28.231",0x858B34,ch1,Receive,0x0528,Data,Standard,0x06,x| 46 16 01 0A 04 6B 
00427,="23:43:28.231",0x858B43,ch1,Receive,0x0544,Data,Standard,0x08,x| 47 16 01 0A 04 F4 FF FF 
00428,="23:43:28.231",0x858B45,ch1,Receive,0x0544,Data,Standard,0x02,x| FF 5D 
00429,="23:43:29.281",0x85B37D,ch1,Receive,0x0123,Data,Standard,0x01,x| AA 
00430,="23:43:29.281",0x85B381,ch1,Receive,0x0528,Data,Standard,0x06,x| 46 16 01 0D 04 6E 
00431,="23:43:29.281",0x85B38F,ch1,Receive,0x0544,Data,Standard,0x08,x| 47 16 01 0D 04 61 00 00 
00432,="23:43:29.281",0x85B391,ch1,Receive,0x0544,Data,Standard,0x02,x| 00 D0 
00433,="23:43:30.301",0x85DBCA,ch1,Receive,0x0123,Data,Standard,0x01,x| AA 
00434,="23:43:31.353",0x860417,ch1,Receive,0x0123,Data,Standard,0x01,x| AA 
00435,="23:43:32.371",0x862C64,ch1,Receive,0x0123,Data,Standard,0x01,x| AA 
00436,="23:43:33.421",0x8654B0,ch1,Receive,0x0123,Data,Standard,0x01,x| AA 
00437,="23:43:33.421",0x8654B4,ch1,Receive,0x0528,Data,Standard,0x06,x| 46 16 01 0E 04 6F 
00438,="23:43:33.421",0x8654BF,ch1,Receive,0x0544,Data,Standard,0x08,x| 47 16 01 0E 04 64 00 00 
00439,="23:43:33.421",0x8654C2,ch1,Receive,0x0544,Data,Standard,0x02,x| 00 D4 
00440,="23:43:34.441",0x867CFD,ch1,Receive,0x0123,Data,Standard,0x01,x| AA 
00441,="23:43:35.462",0x86A54A,ch1,Receive,0x0123,Data,Standard,0x01,x| AA 
00442,="23:43:35.462",0x86A54E,ch1,Receive,0x0528,Data,Standard,0x06,x| 46 16 01 24 20 A1 
00443,="23:43:35.462",0x86A558,ch1,Receive,0x0544,Data,Standard,0x08,x| 47 16 01 24 20 FB 0F F9 
00444,="23:43:35.462",0x86A55D,ch1,Receive,0x0544,Data,Standard,0x08,x| 0F F9 0F FC 0F FC 0F FA 
00445,="23:43:35.462",0x86A562,ch1,Receive,0x0544,Data,Standard,0x08,x| 0F F3 0F FB 0F FB 0F FB 
00446,="23:43:35.462",0x86A567,ch1,Receive,0x0544,Data,Standard,0x08,x| 0F F7 0F FC 0F FC 0F FC 
00447,="23:43:35.462",0x86A56B,ch1,Receive,0x0544,Data,Standard,0x06,x| 0F FD 0F 01 10 3F 
00448,="23:43:36.512",0x86CD97,ch1,Receive,0x0123,Data,Standard,0x01,x| AA 
00449,="23:43:37.532",0x86F5E3,ch1,Receive,0x0123,Data,Standard,0x01,x| AA 
00450,="23:43:37.532",0x86F5E7,ch1,Receive,0x0528,Data,Standard,0x06,x| 46 16 01 25 20 A2 
00451,="23:43:37.532",0x86F5F1,ch1,Receive,0x0544,Data,Standard,0x08,x| 47 16 01 25 20 06 10 06 
00452,="23:43:37.532",0x86F5F6,ch1,Receive,0x0544,Data,Standard,0x08,x| 10 03 10 05 10 00 00 00 
00453,="23:43:37.532",0x86F5FB,ch1,Receive,0x0544,Data,Standard,0x08,x| 00 00 00 00 00 00 00 00 
00454,="23:43:37.532",0x86F600,ch1,Receive,0x0544,Data,Standard,0x08,x| 00 00 00 00 00 00 00 00 
00455,="23:43:37.532",0x86F604,ch1,Receive,0x0544,Data,Standard,0x06,x| 00 00 00 00 00 F7 
00456,="23:43:38.582",0x871E30,ch1,Receive,0x0123,Data,Standard,0x01,x| AA 
00457,="23:43:39.601",0x87467D,ch1,Receive,0x0123,Data,Standard,0x01,x| AA 
00458,="23:43:39.601",0x874681,ch1,Receive,0x0528,Data,Standard,0x06,x| 46 16 01 26 0E 91 
00459,="23:43:39.601",0x874689,ch1,Receive,0x0544,Data,Standard,0x08,x| 47 16 01 26 0E 75 26 FF 
00460,="23:43:39.601",0x87468E,ch1,Receive,0x0544,Data,Standard,0x08,x| FF B0 17 00 00 88 10 58 
00461,="23:43:39.601",0x874691,ch1,Receive,0x0544,Data,Standard,0x04,x| 02 38 01 1D 
00462,="23:43:40.651",0x876ECA,ch1,Receive,0x0123,Data,Standard,0x01,x| AA 
00463,="23:43:41.671",0x879717,ch1,Receive,0x0123,Data,Standard,0x01,x| AA 
